"","eventid","iyear","imonth","iday","approxdate","extended","resolution","country","country_txt","region","region_txt","provstate","city","latitude","longitude","specificity","vicinity","location","summary","crit1","crit2","crit3","doubtterr","alternative","alternative_txt","multiple","success","suicide","attacktype1","attacktype1_txt","attacktype2","attacktype2_txt","attacktype3","attacktype3_txt","targtype1","targtype1_txt","targsubtype1","targsubtype1_txt","corp1","target1","natlty1","natlty1_txt","targtype2","targtype2_txt","targsubtype2","targsubtype2_txt","corp2","target2","natlty2","natlty2_txt","targtype3","targtype3_txt","targsubtype3","targsubtype3_txt","corp3","target3","natlty3","natlty3_txt","gname","gsubname","gname2","gsubname2","gname3","ingroup","ingroup2","ingroup3","gsubname3","motive","guncertain1","guncertain2","guncertain3","nperps","nperpcap","claimed","claimmode","claimmode_txt","claim2","claimmode2","claimmode2_txt","claim3","claimmode3","claimmode3_txt","compclaim","weaptype1","weaptype1_txt","weapsubtype1","weapsubtype1_txt","weaptype2","weaptype2_txt","weapsubtype2","weapsubtype2_txt","weaptype3","weaptype3_txt","weapsubtype3","weapsubtype3_txt","weaptype4","weaptype4_txt","weapsubtype4","weapsubtype4_txt","weapdetail","nkill","nkillus","nkillter","nwound","nwoundus","nwoundte","property","propextent","propextent_txt","propvalue","propcomment","ishostkid","nhostkid","nhostkidus","nhours","ndays","divert","kidhijcountry","ransom","ransomamt","ransomamtus","ransompaid","ransompaidus","ransomnote","hostkidoutcome","hostkidoutcome_txt","nreleased","addnotes","scite1","scite2","scite3","dbsource","INT_LOG","INT_IDEO","INT_MISC","INT_ANY","related"
"1",200007270003,2000,7,0,"July 26-27, 2000",1,"",67,"Fiji",12,"Australasia & Oceania","Cakaudrove","Savusavu",-16.779911,179.33811,1,0,"At Vanua airport, Cakaudrove province, on Vanua Levu island","7/26/2000: Supporters of coup leader, George Speight, took two New Zealand pilots hostage at Vanua airport, in Cakaudrove province, on Vanua Levu island, Fiji.  The hostage-taking occurred in response to the arrest of Speight, but the hostage-takers did not issue any immediate demands.",1,1,1,0,NA,".",1,1,0,6,"Hostage Taking (Kidnapping)",NA,".",NA,".",6,"Airports & Aircraft",43,"Airline Officer/Personnel","Air Fiji","Two New Zealand pilots working for Air Fiji",67,"Fiji",14,"Private Citizens & Property",77,"Laborer (General)/Occupation Identified","Civilians","Commercial pilots",144,"New Zealand",NA,".",NA,".","","",NA,".","Anti-Government Rebels","","","","",2542,NA,NA,"","The hostage-takers were responding to the arrest of their coup leader.  They did not make any specific demands.",0,NA,NA,-99,0,0,NA,".",NA,NA,".",NA,NA,".",NA,13,"Unknown",NA,".",NA,".",NA,".",NA,".",NA,".",NA,".",NA,".","The attackers were ""armed""",0,0,0,0,0,0,0,NA,".",NA,"",1,2,0,-99,-99,"","",-9,NA,NA,NA,NA,"",7,"Unknown",-99,"Multiple incidents - 200007270005.  It is unknown whether the hostages were killed or released.","Michael Field, ""Ethnic Indians rounded up by incensed Fiji rebels,"" Agence France-Presse, July 27, 2000.","""Fiji - crisis Speight arrest triggers new unrest, clashes,"" EFE News Service, July 27, 2000.","""Coup Leader in Fiji is arrested by the Military,"" The New York Times, July 27, 2000.","UMD Schmid 2012",-9,-9,1,1,"200007270005"
"2",200007270005,2000,7,27,"",1,"",67,"Fiji",12,"Australasia & Oceania","Macuata","Labasa",-16.433333,179.366667,1,0,"In Labasa, Macuata province, on Vanua Levu island","7/27/2000: Supporters of coup leader, George Speight, began systematically rounding up ethnic Indian men in a mass abduction in Labasa, Macuata province, on Vanua Levu island.  The rebels abducted approximately 200 men from different families in retaliation for the arrest of Speight.  No immediate demands were made.",1,1,1,0,NA,".",1,1,0,6,"Hostage Taking (Kidnapping)",NA,".",NA,".",14,"Private Citizens & Property",71,"Race/Ethnicity Identified","Civilians","Civilian ethnic Indian males in Labasa",67,"Fiji",NA,".",NA,".","","",NA,".",NA,".",NA,".","","",NA,".","Anti-Government Rebels","","","","",2542,NA,NA,"","The hostage-takers were responding to the arrest of their coup leader.  They did not make any specific demands.",0,NA,NA,-99,0,0,NA,".",NA,NA,".",NA,NA,".",NA,13,"Unknown",NA,".",NA,".",NA,".",NA,".",NA,".",NA,".",NA,".","The attackers were ""armed""",0,0,0,0,0,0,0,NA,".",NA,"",1,200,0,-99,-99,"","",-9,NA,NA,NA,NA,"",7,"Unknown",-99,"Multiple incidents - GTD ID 200007270003.  It is unknown whether the hostages were killed or released.","Michael Field, ""Ethnic Indians rounded up by incensed Fiji rebels,"" Agence France-Presse, July 27, 2000.","","","UMD Schmid 2012",-9,-9,0,-9,"200007270003"
"3",200009170002,2000,9,17,"",1,"",181,"Solomon Islands",12,"Australasia & Oceania","Guandacanal","Weather Coast",-9.584336,160.155603,4,0,"","09/17/2000: Solomon Island militants hijacked a Solomon Airlines plane on Guadalcanal and demanded ransom.",1,1,1,0,NA,".",0,1,0,4,"Hijacking",NA,".",NA,".",6,"Airports & Aircraft",42,"Aircraft (not at an airport)","Solomon Airlines","Airplane belonging to Solomon Airlines",181,"Solomon Islands",NA,".",NA,".","","",NA,".",NA,".",NA,".","","",NA,".","Isatabu Freedom Movement (IFM)","","","","",20208,NA,NA,"","The motive of the hijacking was purely financial.",0,NA,NA,NA,NA,1,9,"Other",NA,NA,".",NA,NA,".",-9,13,"Unknown",NA,".",NA,".",NA,".",NA,".",NA,".",NA,".",NA,".","",0,0,0,0,0,NA,1,3,"Minor (likely < $1 million)",NA,"",1,1,0,NA,-99,"","",1,2e+05,2e+05,-99,NA,"",7,"Unknown",-99,"","“Solomons Islands: Rebel Faction Hijacks Plane, Wants $20,000, Deadline 19 Sep,” Agence France Presse (World Service), September 17, 2000.","","","CETIS",0,0,0,0,""
"4",200009170006,2000,9,15,"",0,"",67,"Fiji",12,"Australasia & Oceania","Cental Division","Suva",-18.1416,178.4419,1,0,"The Centra Suva, a premier business hotel in Suva","9/15/2000: An improvised explosive device (IED) was discovered in the kitchen area of the premier business hotel, Centra Suva, in Suva, Fiji.  The homemade device consisted of a portion of a pipe, an explosive, a detonator, and a timer; authorities state that the bomb was made by an expert.  It was set to detonate at 2 pm, less than two hours before it was discovered and approximately the same time that the coup leader, George Speight, was scheduled to go before the court.  Originally, authorities stated that the device had been discovered at the court where Speight was to appear, but later admitted that the device was found at the hotel.  No group has claimed responsibility for the device.",1,1,1,0,NA,".",0,0,0,3,"Bombing/Explosion",NA,".",NA,".",1,"Business",8,"Hotel/Resort","A hotel","The Centra Suva, a premier hotel in Suva",67,"Fiji",14,"Private Citizens & Property",67,"Unnamed Civilian/Unspecified","Civilians","Civilians in the vicinity of the explosive device",67,"Fiji",NA,".",NA,".","","",NA,".","Unknown","","","","",-9,NA,NA,"","Specific motive is unknown, but sources indicate that the attack may have been linked to the court appearance of the coup leader George Speight",0,NA,NA,-99,0,0,NA,".",NA,NA,".",NA,NA,".",NA,6,"Explosives/Bombs/Dynamite",14,"Time Fuse",NA,".",NA,".",NA,".",NA,".",NA,".",NA,".","An improvised explosive device consisting of a portion of pipe, an explosive, a timer and a detonator",0,0,0,0,0,0,0,NA,".",NA,"",0,NA,NA,NA,NA,"","",NA,NA,NA,NA,NA,"",NA,".",NA,"The group and motive is unknown.  For reasons unknown, the authorities stated originally that the device was discovered at the Magistrates Court.","""Bomb found in Fiji court complex,"" The Times of India, September 18, 2000.","""Fijis military admits bomb planted at top hotel, not court room,"" Agence France-Presse, September 19, 2000.","""Australia-Fiji ties to suffer,"" The Times of India, September 20,2000.","UMD Schmid 2012",-9,-9,0,-9,""
"5",200010170010,2000,10,17,"",0,"",14,"Australia",12,"Australasia & Oceania","New South Wales (State)","Normahurst",-33.724162,151.085374,1,0,"This incident was took place between the Normanhurst and Thornleigh suburbs of Sydney.","10/17/2000: A sniper shot at a train traveling between the between the Normanhurst and Thornleigh suburbs of Sydney, Australia. No casualties were reported as a result of the incident. It was unknown who was responsible for the incident.",0,1,1,1,2,"Other Crime Type",0,0,0,2,"Armed Assault",NA,".",NA,".",19,"Transportation",100,"Train/Train Tracks/Trolley","Cityrail","Cityrail Train Traveling Between the Normanhurst and Thornleigh suburbs of Sydney",14,"Australia",NA,".",NA,".","","",NA,".",NA,".",NA,".","","",NA,".","Unknown","","","","",-9,NA,NA,"","Unknown",0,NA,NA,1,0,0,NA,".",NA,NA,".",NA,NA,".",NA,5,"Firearms",4,"Rifle/Shotgun (non-automatic)",NA,".",NA,".",NA,".",NA,".",NA,".",NA,".","",0,0,0,0,0,0,1,3,"Minor (likely < $1 million)",NA,"A train window was broken in the incident.",0,NA,NA,NA,NA,"","",NA,NA,NA,NA,NA,"",NA,".",NA,"A similar incident was reported to have occurred on October 15, 2000.","“Sniper hits two trains in five days,” The Daily Telegraph, October 19, 2000.","","","CETIS",-9,-9,0,-9,""
"6",200011020008,2000,11,2,"",0,"",67,"Fiji",12,"Australasia & Oceania","Central Division","Suva",-18.1416,178.4419,1,0,"The main military barracks in Suva, on Viti Levu island, Central Division","11/2/2000: Approximately 40 members of the rebel Counter Revolutionary Warfare unit who were loyal to the coup leader George Speight seized control of the main military barracks in Suva, on Viti Levu island, Central Division, Fiji.  At least five soldiers were taken hostage in the mutiny but were later released.  Army troops loyal to the legitimate Prime Minister stormed the barracks and, after an eight hour gun battle, regained control of it.  Five rebel soldiers were killed, as were at least two regular soldiers. At least another ten soldiers were injured, as were eight civilians.  11 rebels were captured and as many as 15 escaped.",1,1,0,1,1,"Insurgency/Guerilla Action",0,1,0,6,"Hostage Taking (Kidnapping)",2,"Armed Assault",NA,".",4,"Military",27,"Military Barracks/Base/Headquarters/Checkpost","Fiji military","Soldiers in the vicinity of the main barracks in Suva",67,"Fiji",14,"Private Citizens & Property",67,"Unnamed Civilian/Unspecified","Civilians","Civilians in the vicinity of the main barracks in Suva",67,"Fiji",NA,".",NA,".","","",NA,".","Rebel Military Unit","","","","",1575,NA,NA,"","Specific motive is unknown; however, the rebel military unit was loyal to George Speight and may have participated in the coup led by Speight.",0,NA,NA,40,11,0,NA,".",NA,NA,".",NA,NA,".",NA,5,"Firearms",5,"Unknown Gun Type",6,"Explosives/Bombs/Dynamite",16,"Unknown Explosive Type",NA,".",NA,".",NA,".",NA,".","Gunfire and explosions were heard",7,0,5,17,0,5,1,4,"Unknown",NA,"Explosions were heard inside the barracks",1,5,0,-99,8,"","",0,NA,NA,NA,NA,"",2,"Hostage(s) released by perpetrators",5,"Sources differ in their reports of the number of dead and injured.  Rebel demands are unknown, although one source states that they were afraid of being thrown out of the military due to their previous coup participation.","""Two Fiji soldiers reportedly killed in gun battle,"" Dow Jones International News, November 2, 2000.","Robert Keith-Reid, ""Fijian army retakes control of military barracks,"" Associated Press, November 2, 2000.","""Fiji PM says military regains control of barracks,"" Reuters, November 2, 2000.","UMD Schmid 2012",-9,-9,0,-9,""
"7",200109230005,2001,9,23,"",0,"",14,"Australia",12,"Australasia & Oceania","Queensland (State)","Brisbane",-27.470933,153.023502,1,0,"","09/23/2001: A Brisbane, Australia mosque was ruined in a suspected arson attack. No group claimed responsibility.",1,1,1,1,2,"Other Crime Type",0,1,0,7,"Facility/Infrastructure Attack",NA,".",NA,".",15,"Religious Figures/Institutions",86,"Place of Worship","Islamic Mosque","Islamic mosque in Brisbane",14,"Australia",NA,".",NA,".","","",NA,".",NA,".",NA,".","","",NA,".","Unknown","","","","",-9,NA,NA,"","Unknown",0,NA,NA,NA,0,0,NA,".",NA,NA,".",NA,NA,".",NA,8,"Incendiary",18,"Arson/Fire",NA,".",NA,".",NA,".",NA,".",NA,".",NA,".","",0,0,0,0,0,0,1,3,"Minor (likely < $1 million)",NA,"Reports indicated that the attack devastated the building.",0,NA,NA,NA,NA,"","",NA,NA,NA,NA,NA,"",NA,".",NA,"","""Mosque Attack Calm Plea,” Herald Sun, September 24, 2001.","""Mosque Attack 'Terrorism on Smaller Scale',” Townsville Sun, September 24, 2001.","","CETIS",-9,-9,0,-9,""
"8",200109260001,2001,9,26,"",0,"",67,"Fiji",12,"Australasia & Oceania","Ba (Province)","Lautoka",-17.624167,177.452778,1,0,"","09/26/2001: A mosque was set on fire in the city of Lautoka's Drasa-Vitogo area in Fiji. No one was injured in the arson attack. No group claimed responsibility.",1,1,1,0,NA,".",0,1,0,7,"Facility/Infrastructure Attack",NA,".",NA,".",15,"Religious Figures/Institutions",86,"Place of Worship","Mosque","Mosque in Lautoka",67,"Fiji",NA,".",NA,".","","",NA,".",NA,".",NA,".","","",NA,".","Unknown","","","","",-9,NA,NA,"","Unknown",0,NA,NA,NA,0,0,NA,".",NA,NA,".",NA,NA,".",NA,8,"Incendiary",18,"Arson/Fire",NA,".",NA,".",NA,".",NA,".",NA,".",NA,".","",0,0,0,0,0,0,1,3,"Minor (likely < $1 million)",NA,"",0,NA,NA,NA,NA,"","",NA,NA,NA,NA,NA,"",NA,".",NA,"","""Fiji: Koran Burnt in Arson at Lautoka Mosque,” Suva Fijilive, September 27, 2001.","","","CETIS",-9,-9,0,-9,""
"9",200110150003,2001,10,15,"",0,"",14,"Australia",12,"Australasia & Oceania","Victoria (State)","Melbourne",-37.813187,144.96298,1,0,"","10/15/2001:  A letter delivered by mail to the U.S. Consulate in Melbourne, Australia contained an unknown chemical agent.  No injuries were reported in the attack.",1,1,1,0,NA,".",0,0,0,8,"Unarmed Assault",NA,".",NA,".",7,"Government (Diplomatic)",46,"Embassy/Consulate","U.S. State Department","U.S. Consulate in Melbourne, Australia.",217,"United States",NA,".",NA,".","","",NA,".",NA,".",NA,".","","",NA,".","Unknown","","","","",-9,NA,NA,"","Unknown.",0,NA,NA,NA,0,0,NA,".",NA,NA,".",NA,NA,".",NA,2,"Chemical",NA,".",NA,".",NA,".",NA,".",NA,".",NA,".",NA,".","Unknown chemical agent.",0,0,0,0,0,0,0,NA,".",NA,"",0,NA,NA,NA,NA,"","",0,NA,NA,NA,NA,"",NA,".",NA,"","“US Consulate Evacuated in Chemical Scare,” Yahoo News, October 15, 2001.","","","CETIS",-9,-9,1,1,""
"10",200112000001,2001,12,0,"Late December 2001",0,"",144,"New Zealand",12,"Australasia & Oceania","Greater Wellington (Region)","Wellington",-41.28646,174.776236,1,0,"","12/00/2001: In late December 2001, a letter, laced with cyanide, was sent to the U.S. Embassy in Wellington, New Zealand. The letter, which reportedly contained enough cyanide to kill several people, further threatened to attack the New Zealand Gold Open, scheduled for the following January. In February 2003, a group called September 11 claimed responsibility for sending this letter.",1,1,1,0,NA,".",0,0,0,7,"Facility/Infrastructure Attack",NA,".",NA,".",7,"Government (Diplomatic)",46,"Embassy/Consulate","U.S. Department of State","U.S. Embassy in Wellington, New Zealand",217,"United States",NA,".",NA,".","","",NA,".",NA,".",NA,".","","",NA,".","September 11","","","","",20408,NA,NA,"","Unknown",0,NA,NA,NA,0,1,1,"Letter",NA,NA,".",NA,NA,".",-9,2,"Chemical",1,"Poisoning",NA,".",NA,".",NA,".",NA,".",NA,".",NA,".","Cyanide was used in the letter.",0,0,0,0,0,0,0,NA,".",NA,"",0,NA,NA,NA,NA,"","",NA,NA,NA,NA,NA,"",NA,".",NA,"The New Zealand Open heightened security for the event in light of the threat made against it. Many speculated that the threat was made because Tiger Woods would be attending the Open. Cyanide is commonly used (and available) in New Zealand in various forms, particularly to kill possums. The letter that claimed responsibility for this incident also claimed responsibility for three letters sent to the U.S. Embassy and the British and Australian High Commission offices in Wellington. These letters threatened further action if Iraq were invaded by the U.S., U.K., or Australia (cf. 200302210004).","“Protecting Tiger costs police $ 1m,” The Evening Post, February 14, 2002.","""AFP: New Zealand Police Release Text Of Cyanide Threat Letter,"" Agence France Presse, February 26, 2003.","Patrick Gower, Paula Oliver, and Alan Perrott, ""Cyanide letter threat to Cup,"" New Zealand Herald, February 26, 2003.","CETIS",0,1,1,1,""
"11",200207110001,2002,7,11,"",0,"",157,"Papua New Guinea",12,"Australasia & Oceania","Enga (Province)","Wabag",-5.492729,143.7241,1,0,"","07/11/2002: A convoy carrying ballot boxes was attacked with petrol bombs on its way into the provincial capital of Wabag, in Papau New Guinea. No one was reported injured, and no group claimed responsibility.",1,1,1,0,NA,".",0,1,0,3,"Bombing/Explosion",NA,".",NA,".",2,"Government (General)",19,"Election-related","Electoral Ballots","Convoy carrying ballot boxes in Wabag",157,"Papua New Guinea",NA,".",NA,".","","",NA,".",NA,".",NA,".","","",NA,".","Unknown","","","","",-9,NA,NA,"","The specific motive was to disrupt voting and destroy ballot boxes.",0,NA,NA,NA,0,0,NA,".",NA,NA,".",NA,NA,".",NA,6,"Explosives/Bombs/Dynamite",16,"Unknown Explosive Type",5,"Firearms",5,"Unknown Gun Type",NA,".",NA,".",NA,".",NA,".","",NA,0,NA,NA,0,NA,1,3,"Minor (likely < $1 million)",NA,"Several vehicles were damaged in this attack.",0,NA,NA,NA,NA,"","",NA,NA,NA,NA,NA,"",NA,".",NA,"","""Convoy Carrying Boces to PNG Count Petrol-Bombed,"" Radio Australia, July 11, 2002.","","","CETIS",-9,-9,0,-9,""
"12",200208220001,2002,8,22,"",0,"",181,"Solomon Islands",12,"Australasia & Oceania","Guandacanal","Weather Coast",-9.584336,160.155603,4,0,"This incident occurred in the Weather Coast region, 120 km southeast of Honiara.","08/22/2002: Solomon Islands Minister of Sport and Women's Affairs, Rev. Augustine Geve, was shot to death by the Guadalcanal Liberation Front (GLF). GLF leader, Harold Keke, claimed responsibility for the assassination.",1,1,1,1,2,"Other Crime Type",0,1,0,1,"Assassination",NA,".",NA,".",2,"Government (General)",18,"Government Personnel (excluding police, military)","Solomon Islands Ministry of Sport and Women's Affairs","Augustine Geve, Minister of Sports and Women's Affairs",181,"Solomon Islands",NA,".",NA,".","","",NA,".",NA,".",NA,".","","",NA,".","Guadalcanal Liberation Front (GLF)","","","","",20185,NA,NA,"","Keke claimed to have shot the minister, alleging that Geve was dishonest and had misused money that was meant for people in his constituency.",0,NA,NA,1,1,1,2,"Call (post-incident)",NA,NA,".",NA,NA,".",-9,5,"Firearms",5,"Unknown Gun Type",NA,".",NA,".",NA,".",NA,".",NA,".",NA,".","",1,0,0,0,0,0,0,NA,".",NA,"",0,NA,NA,NA,NA,"","",NA,NA,NA,NA,NA,"",NA,".",NA,"Keke was later arrested, tried, and convicted of the murder and sentenced to life in prison.","""Life term for Solomon warlord,"" PNG Post-Courier, March 21, 2005.","""Solomons government confirms killing of minister; child latest victim of random violence,"" Associated Press, August 23, 2002.","""Solomon Islands warlord claims to have assassinated minister,"" Agence France Presse, August 22, 2002.","CETIS",0,0,0,0,""
"13",200302100001,2003,2,10,"",0,"",181,"Solomon Islands",12,"Australasia & Oceania","Malaita (Province)","Auki",-8.766667,160.7,1,0,"","02/10/2003: During the night local time, Sir Frederick Soaki, a former police commissioner in the Solomon Islands and a member of the country's National Peace Council, was assassinated at the Auki Motel, in Auki, Malaita Province, Solomon Islands.  A Police Sergeant, Edmund Sae, was arrested on 03/06/2003 at the Auki police station, though some witnesses suggested that shots were fired before the arrest.  On 04/22/2003, Sae escaped from jail after a court hearing, along with three other murder suspects, and has been a fugitive as recently as 02/07/2007.  A number of observers have argued that the motivation for the murder was to deny the then-incoming Solomon Islands Police Chief William Morrell from access to Soaki's knowledge of the Solomon Islands Police Force, and thereby weakening his ability to assert control.",1,1,1,0,NA,".",0,1,0,1,"Assassination",NA,".",NA,".",3,"Police",25,"Police Security Forces/Officers","Royal Solomon Islands Police (RSIP)","Sir Frederick Soaki, former Police Commissioner, RSIP",181,"Solomon Islands",NA,".",NA,".","","",NA,".",NA,".",NA,".","","",NA,".","Unaffiliated Individual(s)","","","","",20202,NA,NA,"","Unknown",0,NA,NA,1,1,0,NA,".",NA,NA,".",NA,NA,".",NA,5,"Firearms",5,"Unknown Gun Type",NA,".",NA,".",NA,".",NA,".",NA,".",NA,".","",1,0,0,0,0,0,-9,4,"Unknown",NA,"",0,NA,NA,NA,NA,"","",NA,NA,NA,NA,NA,"",NA,".",NA,"Edmund Sae was later alleged to be involved in a number of murders of politicians, civilians, and Australian military police, and was also accused of involvement in a plot to assassinate the Solomon Islands Prime Minister in 2006.  For more information, see Mary-Louise O'Callaghan, ""A devilish job in paradise,"" The Australian, June 30, 2003 (source 4 in case file), and Lloyd Jones, ""PAC: Aust war vet released on bail in Solomons,"" AAP Newsfeed, February 7, 2003 (not in case file).","""Work of Solomons peace body to continue despite assassination,"" Radio Australia, February 11, 2003.","""Policeman in custody for Solomons shooting,"" Radio Australia,"" March 6, 2003.","""Solomons prison authorities investigate escape of suspects in murder case,"" Solomon Islands Broadcasting Corporation, April 24, 2003.","CETIS",-9,-9,0,-9,""
"14",200302210004,2003,2,21,"",0,"",144,"New Zealand",12,"Australasia & Oceania","Auckland (Territory)","Auckland",-36.84846,174.763332,1,0,"","02/21/2003: Auckland's main mail delivery center intercepted three letters contained small amounts of cyanide and threatening the Americas Cup sailing competition if Iraq is attacked, claiming that a group named ""September 11"" had ""stockpiled 24kg of weapons-grade cyanide."" The letter was sent to the US Embassy and the British and Australian High Commissioner offices in Wellington, the capital. The letter also claims responsibility for a similar letter sent to the US Embassy in Wellington in December 2001. The perpetrator's) were not caught in either incident. In response, local authorities beefed up security in Auckland and cautioned the public on mail and food packages.",1,1,1,0,NA,".",0,0,0,7,"Facility/Infrastructure Attack",NA,".",NA,".",7,"Government (Diplomatic)",46,"Embassy/Consulate","United States of America","US Embassy in Wellington, New Zealand",217,"United States",7,"Government (Diplomatic)",46,"Embassy/Consulate","Government of Australia","Australia High Commissioner in Wellington, New Zealand",14,"Australia",7,"Government (Diplomatic)",45,"Diplomatic Personnel (outside of embassy, consulate)","Government of the United Kingdom","British High Commissioner in Wellington, New Zealand",216,"Great Britain","September 11","","","","",20408,NA,NA,"","The letter stated that they were sent to threaten retribution if there were an invasion of Iraq by the United States, Britain and Australia.",0,NA,NA,NA,0,0,NA,".",NA,NA,".",NA,NA,".",NA,2,"Chemical",1,"Poisoning",NA,".",NA,".",NA,".",NA,".",NA,".",NA,".","Cyanide was used in the letters.",0,0,0,0,0,0,0,NA,".",NA,"",0,NA,NA,NA,NA,"","",NA,NA,NA,NA,NA,"",NA,".",NA,"Cyanide is commonly used (and available) in New Zealand in various forms, particularly to kill possums.","""Cyanide sent to three missions in New Zealand--dispatch,"" Radio Australia, February 25, 2003.","""AFP: New Zealand Police Release Text Of Cyanide Threat Letter,"" AFP, February 26, 2003.","Patrick Gower, Paula Oliver, and Alan Perrott, ""Cyanide letter threat to Cup,"" New Zealand Herald, February 26, 2003.","CETIS",0,1,1,1,""
"15",200302210006,2003,2,21,"",0,"",144,"New Zealand",12,"Australasia & Oceania","Wellington (Region)","Wellington",-41.28646,174.776236,1,0,"","02/21/2003:  A group calling itself the September 11 group is believed to be responsible for sending a letter containing cyanide to the British diplomatic mission in Wellington, New Zealand.  No injuries were reported in the incident.",1,1,1,0,NA,".",0,0,0,8,"Unarmed Assault",NA,".",NA,".",7,"Government (Diplomatic)",NA,".","British foreign ministry","British foreign mission to Wellington, New Zealand.",216,"Great Britain",NA,".",NA,".","","",NA,".",NA,".",NA,".","","",NA,".","September 11","","","","",20408,NA,NA,"","To protest the U.S. led invasion of Iraq.",0,NA,NA,NA,0,1,3,"Call (pre-incident)",NA,NA,".",NA,NA,".",-9,2,"Chemical",NA,".",NA,".",NA,".",NA,".",NA,".",NA,".",NA,".","Cyanide",0,0,0,0,0,0,0,NA,".",NA,"",0,NA,NA,NA,NA,"","",0,NA,NA,NA,NA,"",NA,".",NA,"","“New Zealand Police Release Text of Cyanide Threat Letter,” Hong Kong Agence France Presse, February 26, 2003.","“Text of Threat Letter,” New Zealand Press Association, February 26, 2003.","Patrick Gower and Natasha Harris, “We Have 25kg of Cyanide Says Terror Group,” The New Zealand Herald, February 27, 2003.","CETIS",0,1,1,1,""
"16",200303280008,2003,3,28,"",0,"",144,"New Zealand",12,"Australasia & Oceania","Wellington (Region)","Wellington",-41.28646,174.776236,1,0,"","03/28/2003:  A group calling itself the September 11 group claimed responsibility for contaminating beverage supplies with cyanide in Wellington, New Zealand.  No injuries were reported in the incident.",1,1,1,0,NA,".",0,0,0,8,"Unarmed Assault",NA,".",NA,".",14,"Private Citizens & Property",67,"Unnamed Civilian/Unspecified","New Zealand citizens.","Indiscriminate consumers of beverages in Wellington, New Zealand.",144,"New Zealand",NA,".",NA,".","","",NA,".",NA,".",NA,".","","",NA,".","September 11","","","","",20408,NA,NA,"","To protest the U.S. led invasion of Iraq.",0,NA,NA,NA,0,1,3,"Call (pre-incident)",NA,NA,".",NA,NA,".",-9,2,"Chemical",NA,".",NA,".",NA,".",NA,".",NA,".",NA,".",NA,".","Cyanide",0,0,0,0,0,0,0,NA,".",NA,"",0,NA,NA,NA,NA,"","",0,NA,NA,NA,NA,"",NA,".",NA,"","“New Cyanide Letter Heightens New Zealand Terror Threats,” Associated Press Worldstream, March 28, 2003.","“Food Warning as New Cyanide Letters Sent to the Herald,” The New Zealand Herald, March 29, 2003.","“Further Cyanide Letters Arrive,” The Christchurch Press, March 29, 2003.","CETIS",0,0,0,0,""
"17",200604080012,2006,4,8,"",0,"",14,"Australia",12,"Australasia & Oceania","Queensland (State)","Broadbeach",-28.0291,153.431388,1,0,"","04/08/2006: The mobile phone shop of former Shapelle Corby backer Ron Bakir was firebombed at 6:00 a.m. when a man bashed the glass doors of the shop with a rock before dropping a cigarette into a canister of fuel on the footpath outside in Broadbeach, Australia. No group claimed responsibility for the attack.",1,1,1,1,2,"Other Crime Type",0,1,0,3,"Bombing/Explosion",NA,".",NA,".",1,"Business",7,"Retail/Grocery/Bakery","Business of Broadbeach","Mobile phone shop of Ron Bakir in Broadbeach",14,"Australia",NA,".",NA,".","","",NA,".",NA,".",NA,".","","",NA,".","Unaffiliated Individual(s)","","","","",20202,NA,NA,"","Unknown",0,NA,NA,1,0,0,NA,".",NA,NA,".",NA,NA,".",NA,8,"Incendiary",20,"Gasoline or Alcohol",NA,".",NA,".",NA,".",NA,".",NA,".",NA,".","The fire was caused by a plastic container of fuel and lit with a cigarette.",0,0,0,0,0,0,1,4,"Unknown",NA,"The fire damaged the door but was put out before the container exploded.",0,NA,NA,NA,NA,"","",NA,NA,NA,NA,NA,"",NA,".",NA,"No one was in the store at the time. Ron Bakir could not suggest a potential reason for this attack. He had previously praised people of the Gold Coast for ignoring calls to join race riots.","Weston, Paul, “Firebomb raid on Corby's ex-backer,” The Sunday Mail (Australia), April 09, 2006.","“Quick News,” Sunday Tasmanian (Australia), April 09, 2006.","“Attack mystifies Bakir,” Northern Territory News (Australia), April 09, 2006.","CETIS",-9,-9,0,-9,""
"18",200608010001,2006,8,1,"",0,"",14,"Australia",12,"Australasia & Oceania","New South Wales (State)","Paramatta",-33.815128,151.003155,1,0,"","08/01/2006: A group of Middle Eastern men stoned Sydney, Australia’s Parramatta Synagogue’s roof and windows and damaged cars nearby. No group has claimed responsiblity for this attack.",1,1,1,0,NA,".",0,1,0,7,"Facility/Infrastructure Attack",NA,".",NA,".",15,"Religious Figures/Institutions",86,"Place of Worship","Synagogue","Parramatta Synagogue",14,"Australia",NA,".",NA,".","","",NA,".",NA,".",NA,".","","",NA,".","Unknown","","","","",-9,NA,NA,"","Unknown",0,NA,NA,10,NA,0,NA,".",NA,NA,".",NA,NA,".",NA,12,"Other",21,"Blunt Object",NA,".",NA,".",NA,".",NA,".",NA,".",NA,".","",0,0,0,NA,0,0,-9,NA,".",NA,"",0,NA,NA,NA,NA,"","",NA,NA,NA,NA,NA,"",NA,".",NA,"","Russell Skelton and Sarah Smiles, “Sydney synagogue rocked by attack,” The Age, August 1, 2006.","“Synagogue is war victim,” The Daily Telegraph, August 1, 2006.","","CETIS",-9,-9,0,-9,""
"19",200711090014,2007,11,9,"",0,"",157,"Papua New Guinea",12,"Australasia & Oceania","South Highlands (Province)","Nipa",-6.127153,143.420306,1,0,"","11/09/2007: Tribesmen with firearms attacked a police squad in Nipa, Papua New Guinea, taking six officers hostage. After holding the officers for an hour, the tribesmen took the officers' weapons and released them.",1,1,1,0,NA,".",0,1,0,5,"Hostage Taking (Barricade Incident)",NA,".",NA,".",3,"Police",25,"Police Security Forces/Officers","Nipa Police Forces","Police Officers",157,"Papua New Guinea",NA,".",NA,".","","",NA,".",NA,".",NA,".","","",NA,".","Unknown","","","","",-9,NA,NA,"","Unknown",0,NA,NA,NA,0,0,NA,".",NA,NA,".",NA,NA,".",NA,5,"Firearms",5,"Unknown Gun Type",NA,".",NA,".",NA,".",NA,".",NA,".",NA,".","",0,0,0,NA,0,0,-9,NA,".",NA,"",1,6,0,1,NA,"","",0,NA,NA,NA,NA,"",2,"Hostage(s) released by perpetrators",6,"The hostages were released but the tribesmen took their weapons.","Andrew Alphonse, ""Papua New Guinea tribesmen steal police guns in hostage incident,"" The National, November 12, 2007.","""PNG: Police in Firefight with Tribesmen at Nipa, Southern Highlands Province,"" The National, November 13, 2007.","","CETIS",-9,-9,0,-9,""
"20",200804150015,2008,4,15,"",0,"",144,"New Zealand",12,"Australasia & Oceania","Wellington","Wellington",-41.28646,174.776236,1,0,"The attack took place in Wellington.","04/15/2008: On Tuesday morning, on Conventry Road, in Hastings, New Zealand, six pipe bombs were found and dismantled by the Army's bomb disposal units at Cash for Scrap. No casualties or damage resulted from the attempted attack. No motive was reported and no group claimed responsibility.",1,1,1,0,NA,".",0,0,0,3,"Bombing/Explosion",NA,".",NA,".",1,"Business",5,"Industrial/Textiles/Factory","Cash for Scrap","A scrap yard",144,"New Zealand",NA,".",NA,".","","",NA,".",NA,".",NA,".","","",NA,".","Unknown","","","","",-9,NA,NA,"","The specific motive for the attack is unknown.",0,NA,NA,-99,0,0,NA,".",NA,NA,".",NA,NA,".",NA,6,"Explosives/Bombs/Dynamite",17,"Other Explosive Type",NA,".",NA,".",NA,".",NA,".",NA,".",NA,".","Pipe bombs were used in the attack.",0,0,0,0,0,0,0,NA,".",NA,"",0,NA,NA,NA,NA,"","",NA,NA,NA,NA,NA,"",NA,".",NA,"","Reuters, ""Suspected Pipe Bombs Found in New Zealand City: Report,"" Reuters, April 15, 2008.","","","ISVG",-9,-9,0,-9,""
"21",200804210001,2008,4,21,"",0,"",14,"Australia",12,"Australasia & Oceania","Queensland","Vale View",-27.661735,151.897583,1,0,"The attempted bombing took place in Federation Park on the Drayton Connection Road, near Vale View south of Toowoomba, Queensland, Australia.","04/21/2008: On Monday, a 30 mm pipe bomb rigged with external batteries and a mobile phone was detonated by the police bomb squad unit after it was found by council workers in Federation Park on the Drayton Connection Road, near Vale View south of Toowoomba, Queensland, Australia. No claim of responsibility was made for the attempted bombing, however on 04/22/2008 on Tuesday, executed a search warrant at a home in Kent Street at Oakey and allegedly found evidence of a home-made explosive device. A 21-year-old man was arrested and charged with one count of attempting to damage property by explosives.",1,1,1,0,NA,".",0,0,0,3,"Bombing/Explosion",NA,".",NA,".",14,"Private Citizens & Property",79,"Public Area (garden, parking lot, garage, beach, public building, camp)","","Federation Park",14,"Australia",NA,".",NA,".","","",NA,".",NA,".",NA,".","","",NA,".","Unknown","","","","",-9,NA,NA,"","The specific motive for the attack is unknown or was not reported.",0,NA,NA,1,1,0,NA,".",NA,NA,".",NA,NA,".",NA,6,"Explosives/Bombs/Dynamite",12,"Remote Trigger",NA,".",NA,".",NA,".",NA,".",NA,".",NA,".","A mobile phone-triggered, battery-powered, 30 mm pipe was used in the attack.",0,0,0,0,0,0,0,NA,".",NA,"",0,NA,NA,NA,NA,"","",NA,NA,NA,NA,NA,"",NA,".",NA,"","News.com.au, ""Police Destroy Pipe Bomb Found at Toowoomba Park,"" http://news.com.au (accessed April 22, 2008).","AAP Newsfeed, ""Qld: Man Charged Over Pipe Bomb Found in Park,"" Lexis Nexis, AAP Newsfeed, April 23, 2008.","","ISVG",-9,-9,0,-9,""
"22",200806240014,2008,6,24,"",0,"",144,"New Zealand",12,"Australasia & Oceania","Wellington","Wellington",-41.28646,174.776236,1,0,"The chemical attack took place at the Ministry of Agriculture building in Wellington, Wellington State, New Zealand.","6/24/2008: On Tuesday, a letter containing 1080 poison was sent to the Ministry of Agriculture and Forestry building in Wellington, Wellington State, New Zealand. The 1080 poison is used as a pesticide. No casualties were reported and no claim of responsibility was made for the incident.",1,1,1,0,NA,".",1,0,0,8,"Unarmed Assault",NA,".",NA,".",2,"Government (General)",21,"Government Building/Facility/Office","New Zealander Government","The New Zealander Ministry of Agriculture and Forestry building",144,"New Zealand",NA,".",NA,".","","",NA,".",NA,".",NA,".","","",NA,".","Unknown","","","","",-9,NA,NA,"","The specific motive for the attack is unknown.",0,NA,NA,-99,0,0,NA,".",NA,NA,".",NA,NA,".",NA,2,"Chemical",1,"Poisoning",NA,".",NA,".",NA,".",NA,".",NA,".",NA,".","1080 poison was used in the chemical attack.",0,0,0,0,0,0,0,NA,".",NA,"",0,NA,NA,NA,NA,"","",NA,NA,NA,NA,NA,"",NA,".",NA,"","New Zealand Herald, ""Government Departments Targeted with 1080 Poison,"" New Zealand Herald, June 25, 2008.","New Zealand Press Association, ""Police Investigate Three Packages Of 1080 Sent To Government,"" Lexis Nexis, New Zealand Press Association, June 25, 2008.","Dominion Post, ""Suspicious Packages May Contain 1080,"" Lexis Nexis, Dominion Post, June 26, 2008.","ISVG",-9,-9,0,-9,"200806240016, 200806240017"
"23",200806240016,2008,6,24,"",0,"",144,"New Zealand",12,"Australasia & Oceania","Wellington","Wellington",-41.28646,174.776236,1,0,"The chemical attack took place at the Parliament building in Wellington, Wellington State, New Zealand.","6/24/2008: On Tuesday, a letter containing 1080 poison was sent to the Parliament building in Wellington, Wellington State, New Zealand. The 1080 poison is used as a pesticide. No casualties were reported and no claim of responsibility was made for the incident.",1,1,1,0,NA,".",1,0,0,8,"Unarmed Assault",NA,".",NA,".",2,"Government (General)",21,"Government Building/Facility/Office","New Zealander Government","The New Zealander Parliament building",144,"New Zealand",NA,".",NA,".","","",NA,".",NA,".",NA,".","","",NA,".","Unknown","","","","",-9,NA,NA,"","The specific motive for the attack is unknown.",0,NA,NA,-99,0,0,NA,".",NA,NA,".",NA,NA,".",NA,2,"Chemical",1,"Poisoning",NA,".",NA,".",NA,".",NA,".",NA,".",NA,".","1080 poison was used in the chemical attack.",0,0,0,0,0,0,0,NA,".",NA,"",0,NA,NA,NA,NA,"","",NA,NA,NA,NA,NA,"",NA,".",NA,"","New Zealand Herald, ""Government Departments Targeted with 1080 Poison,"" New Zealand Herald, June 25, 2008.","","","ISVG",-9,-9,0,-9,"200806240014, 200806240017"
"24",200806240017,2008,6,24,"",0,"",144,"New Zealand",12,"Australasia & Oceania","Wellington","Wellington",-41.28646,174.776236,1,0,"The chemical attack took place at the Government Reserve Bank in Wellington, Wellington State, New Zealand.","6/24/2008: On Tuesday, a letter containing 1080 poison was sent to the Government Reserve Bank in Wellington, Wellington State, New Zealand. The 1080 poison is used as a pesticide. No casualties were reported and no claim of responsibility was made for the incident.",1,1,1,0,NA,".",1,0,0,8,"Unarmed Assault",NA,".",NA,".",2,"Government (General)",21,"Government Building/Facility/Office","New Zealander Government","The New Zealander Government Reserve Bank,",144,"New Zealand",NA,".",NA,".","","",NA,".",NA,".",NA,".","","",NA,".","Unknown","","","","",-9,NA,NA,"","The specific motive for the attack is unknown.",0,NA,NA,-99,0,0,NA,".",NA,NA,".",NA,NA,".",NA,2,"Chemical",1,"Poisoning",NA,".",NA,".",NA,".",NA,".",NA,".",NA,".","1080 poison was used in the chemical attack.",0,0,0,0,0,0,0,NA,".",NA,"",0,NA,NA,NA,NA,"","",NA,NA,NA,NA,NA,"",NA,".",NA,"","New Zealand Herald, ""Government Departments Targeted with 1080 Poison,"" New Zealand Herald, June 25, 2008.","","","ISVG",-9,-9,0,-9,"200806240014, 200806240016"
"25",200808130025,2008,8,13,"",0,"",144,"New Zealand",12,"Australasia & Oceania","Wellington","Wellington",-41.28646,174.776236,1,0,"The envelope was sent to the party offices of the Prime Minister Helen Clark in Wellington, New Zealand.","08/13/2008: On Wednesday, a white powder was found in an envelope in the party offices of the Prime Minister Helen Clark in Wellington, New Zealand. The area was evacuated and decontaminated though the nature of the powder has not been confirmed. Douglas Hancock pleaded guilty to sending the letter.",1,1,1,0,NA,".",0,0,0,8,"Unarmed Assault",NA,".",NA,".",2,"Government (General)",17,"Head of State","New Zealand Government","Prime Minister Helen Clark",144,"New Zealand",NA,".",NA,".","","",NA,".",NA,".",NA,".","","",NA,".","Unknown","","","","",-9,NA,NA,"","The specific motive for the attack is unknown.",0,NA,NA,1,1,0,NA,".",NA,NA,".",NA,NA,".",NA,2,"Chemical",1,"Poisoning",NA,".",NA,".",NA,".",NA,".",NA,".",NA,".","An unknown white powder was used in the attack.",0,0,0,0,0,0,0,NA,".",NA,"",0,NA,NA,NA,NA,"","",NA,NA,NA,NA,NA,"",NA,".",NA,"","Sanjeev Miglani, ""New Zealand PM's Office Evacuated After Powder Scare,"" Reuters, August 12, 2008.","Triton, ""A White Powder Found in an Envelope in the Party Offices of the Prime Minister in Wellington,"" Triton Reports, September 12, 2008.","New Zealand Herald, ""Farmer Admits Sending White Powder to PM,"" New Zealand Herald, September 17, 2008.","ISVG",-9,-9,0,-9,""
"26",200812080008,2008,12,8,"",0,"",14,"Australia",12,"Australasia & Oceania","Western Australia","Joondalup",-31.743357,115.764172,1,0,"Joondalup Police Station","12/08/2008: On Monday, a Holden Rodeo ute vehicle carrying a 220-liter fuel tank was backed into the Joondalup police station and set aflame. The attack damaged two offices, one of which was the inspector's District Office. No casualties were reported.",1,1,1,0,NA,".",0,1,0,7,"Facility/Infrastructure Attack",NA,".",NA,".",3,"Police",22,"Police Building (headquarters, station, school)","","Joondalup Police station",14,"Australia",NA,".",NA,".","","",NA,".",NA,".",NA,".","","",NA,".","Unknown","","","","",-9,NA,NA,"","The specific motive for the attack is unknown.",0,NA,NA,1,0,0,NA,".",NA,NA,".",NA,NA,".",NA,8,"Incendiary",20,"Gasoline or Alcohol",NA,".",NA,".",NA,".",NA,".",NA,".",NA,".","A fuel tank was set ablaze in the attack.",0,0,0,0,0,0,1,4,"Unknown",NA,"The attack caused an unknown amount of property damage.",0,NA,NA,NA,NA,"","",-9,NA,NA,NA,NA,"",NA,".",NA,"","ABC, ""Police Seeking Man Over Firebombings,"" http://www.abc.net.au/news/stories/2008/12/10/2442883.htm"" (December 10, 2008).","PerthNow, Cox, Nicole, ""Attack on Warwick Police Station Follows Joondalup Firebombing,"" http://www.news.com.au/perthnow/story/0,21598,24778930-2761,00.html (December 10, 2008).","PerthNow, Stanley, Warwick, ""Joondalup Police tation Damaged by Fire Attack,"" http://www.news.com.au/perthnow/story/0,21598,24772985-2761,00.html (December 09, 2009).","ISVG",-9,-9,0,-9,""
"27",200812100007,2008,12,10,"",0,"",14,"Australia",12,"Australasia & Oceania","Western Australia","Joondalup",-31.743357,115.764172,1,0,"Warwick district, Joondalup Warwick Police station","12/10/2008: On Wednesday morning, at 0235, two private vehicles belonging to Warwick police officers were firebombed in Joondalup, Western Australia, Oceania, Australia.",1,1,1,0,NA,".",0,1,0,7,"Facility/Infrastructure Attack",NA,".",NA,".",3,"Police",25,"Police Security Forces/Officers","","The target were private vehicles of police officers in Warwick",14,"Australia",NA,".",NA,".","","",NA,".",NA,".",NA,".","","",NA,".","Unknown","","","","",-9,NA,NA,"","The specific motive for the attack is unknown.",0,NA,NA,-99,0,0,NA,".",NA,NA,".",NA,NA,".",NA,8,"Incendiary",19,"Molotov Cocktail/Petrol Bomb",NA,".",NA,".",NA,".",NA,".",NA,".",NA,".","A firebomb was used in the attack",0,0,0,0,0,0,1,4,"Unknown",60000,"Two private vehicles of Warwick police officers were firebounded.",0,NA,NA,NA,NA,"","",-9,NA,NA,NA,NA,"",NA,".",NA,"","Watoday, Thomson, Chris, and Chalpat Sonti, ""Man Charged Over Joondalup Police Station Bombing,"" http://www.watoday.com.au/wa-news/man-charged-over-joondalup-police-station-bombing-20081210-6v6v.html?page=-1 (December 10, 2008).","ABC Premium News, ""Second Warwick Police Station Firebombed,"" LexisNexis Academic, ABC Premium News, December 10, 2008.","","ISVG",-9,-9,0,-9,""
"28",200910080019,2009,10,8,"",0,"",14,"Australia",12,"Australasia & Oceania","New South Wales","Condell Park",-33.922832,151.011897,1,0,"The explosive was placed on the hood of a car on Market Street at Condell Park, Sydney, New South Wales, Australia.","10/08/2009: On Thursday night at 0100, in Market Street in Condell park, Sydney, New South Wales, Australia, an improvised explosive device placed on the hood of a car detonated, smashing the windows of two townhouses and destroying the vehicle. Investigator Mark Smith says it is not clear if the device was intended for the vehicle or the townhouses 10-15 meters away. No group claimed responsibility.",1,1,1,0,NA,".",0,1,0,3,"Bombing/Explosion",NA,".",NA,".",14,"Private Citizens & Property",73,"Vehicles/Transportation","","A civilian vehicle was targeted in the attack.",14,"Australia",NA,".",NA,".","","",NA,".",NA,".",NA,".","","",NA,".","Unknown","","","","",-9,NA,NA,"","The specific motive for the attack is unknown.",0,NA,NA,-99,0,0,NA,".",NA,NA,".",NA,NA,".",NA,6,"Explosives/Bombs/Dynamite",29,"Sticky Bomb",NA,".",NA,".",NA,".",NA,".",NA,".",NA,".","An improvised explosive device placed  on the hood of a car was used in the attack.",0,0,0,0,0,0,1,4,"Unknown",NA,"Civilian townhouses were damaged and a vehicle was destroyed.",0,NA,NA,NA,NA,"","",NA,NA,NA,NA,NA,"",NA,".",NA,"","Abc. Net,""Car, Houses Damaged by Homemade Bomb,"" http://www.abc.net.au/news/stories/2009/10/08/2707922.htm?section=australia(October 8, 2009).","Australian Associated Press,""Highlights of the AAP National Wire at 14:30, October Eight,"" LexisNexis Academic, Australian Associated Press, October 8, 2009","","ISVG",-9,-9,0,-9,""
"29",201002040023,2010,2,4,"",0,"",14,"Australia",12,"Australasia & Oceania","Western Australia","Perth",-31.952854,115.857339,1,0,"The attack took place at a mosque in Queens Park, Perth.","02/04/2010: On Thursday night, in Queens Park, Perth, Western Australia, Australia, armed assailants fired upon a mosque, damaging the mosque but causing no casualties. No group claimed responsibility, although authorities believed Combat 18 was responsible.",1,1,1,0,NA,".",0,1,0,2,"Armed Assault",NA,".",NA,".",15,"Religious Figures/Institutions",86,"Place of Worship","","The target was a mosque.",14,"Australia",NA,".",NA,".","","",NA,".",NA,".",NA,".","","",NA,".","Combat 18","","","","",20130,NA,NA,"","The specific motive for the attack is unknown.",1,NA,NA,-99,0,0,NA,".",NA,NA,".",NA,NA,".",NA,5,"Firearms",5,"Unknown Gun Type",NA,".",NA,".",NA,".",NA,".",NA,".",NA,".","Unknown firearms were used in the attack.",0,0,0,0,0,0,1,3,"Minor (likely < $1 million)",NA,"A mosque was damaged in the attack.",0,NA,NA,NA,NA,"","",NA,NA,NA,NA,NA,"",NA,".",NA,"","National Counterterrorism Center, ""One Mosque Damaged in Armed Attack by Suspected Combat 18 in Perth, Western Australia, Australia,"" Worldwide Incidents Tracking System, July 9, 2010.","ABC Premium News, ""Shots Fired at Mosque,"" LexisNexis Academic, ABC News, February 10, 2010.","West Australian, ""Police Probe Mosque Attack,"" LexisNexis Academic, West Australian, February 11, 2010.","ISVG",1,1,0,1,""
"30",201309020036,2013,9,2,"",0,"",14,"Australia",12,"Australasia & Oceania","Victoria","Melbourne",-37.808896,144.950421,1,0,"The incident occurred in the West Melbourne area of the city.","09/02/2013: Assailants set fire to Gran Turismo Autos, a luxury car showroom, in West Melbourne area, Melbourne city, Victoria state, Australia. The fire damaged several vehicles, but did not cause any casualties. The Felicity Ann Ryder Cell of the Informal Anarchist Federation claimed responsibility for the attack in a post online; however, police denied that the group was involved in the incident.",1,1,1,1,4,"Lack of Intentionality",0,1,0,7,"Facility/Infrastructure Attack",NA,".",NA,".",1,"Business",7,"Retail/Grocery/Bakery","Gran Turismo Autos","Car Dealership",14,"Australia",NA,".",NA,".","","",NA,".",NA,".",NA,".","","",NA,".","Informal Anarchist Federation","Felicity Ann Ryder Cell","","","",20203,NA,NA,"","",0,NA,NA,-99,0,1,7,"Posted to website, blog, etc.",NA,NA,".",NA,NA,".",NA,8,"Incendiary",18,"Arson/Fire",NA,".",NA,".",NA,".",NA,".",NA,".",NA,".","",0,0,0,0,0,0,1,4,"Unknown",-99,"Approximately a dozen luxury vehicles and $150,000 worth of stock at a neighboring apparel business were damaged in this attack.",0,NA,NA,NA,NA,"","",NA,NA,NA,NA,NA,"",NA,".",NA,"There is doubt that this incident meets terrorism-related criteria. Authorities suspected that the fire may have been accidentally started by a lit cigarette.","""Anarchists claim responsibility for fire at luxury West Melbourne car dealership, but police have doubts,"" Herald Sun (Australia), September 3, 2013.","""Signs Of Life In Australia : A Chronology of Recent Anarchist & Anti-Colonial Activity Down Under,"" 325, May 7, 2014.","","START Primary Collection",1,1,0,1,""
"31",201402070065,2014,2,7,"",0,"",144,"New Zealand",12,"Australasia & Oceania","Wellington","Upper Hutt",-41.124433,175.070783,1,0,"","02/07/2014: Assailants set fire to a Kentucky Fried Chicken (KFC) restaurant in Upper Hutt city, Wellington region, New Zealand. There were no injuries in the attack; however, the building was badly damaged by the fire. The Animal Liberation Front (ALF) claimed responsibility for the incident in a post online.",1,1,1,0,NA,".",0,1,0,7,"Facility/Infrastructure Attack",NA,".",NA,".",1,"Business",2,"Restaurant/Bar/Café","KFC","Restaurant",144,"New Zealand",NA,".",NA,".","","",NA,".",NA,".",NA,".","","",NA,".","Animal Liberation Front (ALF)","","","","",291,NA,NA,"","",0,NA,NA,-99,0,1,7,"Posted to website, blog, etc.",NA,NA,".",NA,NA,".",NA,8,"Incendiary",18,"Arson/Fire",NA,".",NA,".",NA,".",NA,".",NA,".",NA,".","",0,0,0,0,0,0,1,3,"Minor (likely < $1 million)",-99,"A Kentucky Fried Chicken restaurant was damaged in this attack.",0,NA,NA,NA,NA,"","",NA,NA,NA,NA,NA,"",NA,".",NA,"","""Upper Hutt KFC damaged in fire,"" Newstalk ZB, February 7, 2014.","""KFC Damaged in Fire,"" Animal Liberation Front.com, February 10, 2014.","","START Primary Collection",0,1,0,1,""
"32",201402240121,2014,2,24,"",0,"",14,"Australia",12,"Australasia & Oceania","Queensland","Logan",-27.639793,153.108516,1,0,"","02/24/2014: Assailants threw three homemade incendiary devices at the Logan Police District Headquarters in Logan City, southeast Queensland state, Australia. There were no casualties in the incident; however, one police vehicle suffered fire damage. No group claimed responsibility for the incident; however, sources attributed the attack to anarchists.",1,1,1,0,NA,".",0,1,0,7,"Facility/Infrastructure Attack",NA,".",NA,".",3,"Police",22,"Police Building (headquarters, station, school)","Australian Federal Police (AFP)","Logan District Headquarters",14,"Australia",NA,".",NA,".","","",NA,".",NA,".",NA,".","","",NA,".","Anarchists","","","","",648,NA,NA,"","The specific motive is unknown; however, sources noted that the attack comes after an incident of police brutality which left an indigenous woman partly blind.",0,NA,NA,-99,0,0,NA,".",NA,NA,".",NA,NA,".",NA,8,"Incendiary",19,"Molotov Cocktail/Petrol Bomb",NA,".",NA,".",NA,".",NA,".",NA,".",NA,".","Three Molotov cocktails were used in the attack.",0,0,0,0,0,0,1,3,"Minor (likely < $1 million)",-99,"A police vehicle was damaged in this attack.",0,NA,NA,NA,NA,"","",NA,NA,NA,NA,NA,"",NA,".",NA,"","""The Logan Police District Headquarters at Logan Central has been attacked with three homemade firebombs hurled,"" The Courier Mail (Australia), February 24, 2014.","""Signs Of Life In Australia : A Chronology of Recent Anarchist & Anti-Colonial Activity Down Under,"" 325, May 7, 2014.","","START Primary Collection",-9,-9,0,-9,""
"33",201405180095,2014,5,18,"",0,"",14,"Australia",12,"Australasia & Oceania","New South Wales","Sydney",-33.888408,151.237218,1,0,"The incident occurred in the Woollahra neighborhood of the city.","05/18/2014: Assailants set fire to two vehicles on Queen street in Woollahra neighborhood, Sydney city, New South Wales state, Australia. There were no reported casualties in the attack. This was one of two coordinated attacks carried out by the Informal Anarchist Federation in Woollahra neighborhood on May 18, 2014. The Informal Anarchist Federation claimed responsibility for the incident, stating that the attack was carried out in retaliation to injustice.",1,1,1,0,NA,".",1,1,0,7,"Facility/Infrastructure Attack",NA,".",NA,".",14,"Private Citizens & Property",73,"Vehicles/Transportation","Not Applicable","Luxury Vehicles",14,"Australia",NA,".",NA,".","","",NA,".",NA,".",NA,".","","",NA,".","Informal Anarchist Federation","","","","",20203,NA,NA,"","The Informal Anarchist Federation claimed responsibility for the incident and stated that the attack was carried out in retaliation to injustice.",0,NA,NA,-99,0,1,7,"Posted to website, blog, etc.",NA,NA,".",NA,NA,".",NA,8,"Incendiary",18,"Arson/Fire",NA,".",NA,".",NA,".",NA,".",NA,".",NA,".","",0,0,0,0,0,0,1,3,"Minor (likely < $1 million)",-99,"Three luxury vehicles were damaged in this attack.",0,NA,NA,NA,NA,"","",NA,NA,NA,NA,NA,"",NA,".",NA,"","""Luxury cars destroyed in random attacks in Woollahra,"" The Daily Telegraph (Australia), May 19, 2014.","""FAI militants set fire to three vehicles in Australia's New South Wales.,"" Jane's, June 10, 2014.","""Sydney : 3 Luxury Cars Torched By FAI/IRF (Australia),"" 325, May 19, 2014.","START Primary Collection",1,1,0,1,"201405180096"
"34",201405180096,2014,5,18,"",0,"",14,"Australia",12,"Australasia & Oceania","New South Wales","Sydney",-33.888408,151.237218,1,0,"The incident occurred in the Woolahra neighborhood of the city.","05/18/2014: Assailants set fire to a luxury vehicle on Moncur street in Woolahra neighborhood, Sydney city, New South Wales state, Australia. There were no reported casualties in the attack. This was one of two coordinated attacks carried out by the same group in Woolahra neighborhood on May 18, 2014. The Informal Anarchist Federation claimed responsibility for the incident.",1,1,1,0,NA,".",1,1,0,7,"Facility/Infrastructure Attack",NA,".",NA,".",14,"Private Citizens & Property",73,"Vehicles/Transportation","Not Applicable","Luxury Vehicle",14,"Australia",NA,".",NA,".","","",NA,".",NA,".",NA,".","","",NA,".","Informal Anarchist Federation","","","","",20203,NA,NA,"","",0,NA,NA,-99,0,1,7,"Posted to website, blog, etc.",NA,NA,".",NA,NA,".",NA,8,"Incendiary",18,"Arson/Fire",NA,".",NA,".",NA,".",NA,".",NA,".",NA,".","",0,0,0,0,0,0,1,3,"Minor (likely < $1 million)",-99,"A vehicle was damaged in this attack.",0,NA,NA,NA,NA,"","",NA,NA,NA,NA,NA,"",NA,".",NA,"","""Luxury cars destroyed in random attacks in Woollahra,"" The Daily Telegraph (Australia), May 19, 2014.","""FAI militants set fire to three vehicles in Australia's New South Wales.,"" Jane's, June 10, 2014.","""Sydney : 3 Luxury Cars Torched By FAI/IRF (Australia),"" 325, May 19, 2014.","START Primary Collection",1,1,0,1,"201405180095"
"35",201408120098,2014,8,12,"",0,"",14,"Australia",12,"Australasia & Oceania","Victoria","Beechworth",-36.35772,146.696395,1,0,"","08/12/2014: Assailants set a private vehicle on fire that belonged to an Australian Federal Police (AFP) officer outside the police station in Beechworth town, Victoria state, Australia. There were no reported casualties in the attack. No group claimed responsibility for the incident.",1,1,1,0,NA,".",0,1,0,7,"Facility/Infrastructure Attack",NA,".",NA,".",3,"Police",23,"Police Patrol (including vehicles and convoys)","Australian Federal Police (AFP)","Car",14,"Australia",NA,".",NA,".","","",NA,".",NA,".",NA,".","","",NA,".","Unknown","","","","",-9,NA,NA,"","",0,NA,NA,2,0,0,NA,".",NA,NA,".",NA,NA,".",NA,8,"Incendiary",20,"Gasoline or Alcohol",NA,".",NA,".",NA,".",NA,".",NA,".",NA,".","Gasoline was used in the attack.",0,0,0,0,0,0,1,3,"Minor (likely < $1 million)",-99,"A vehicle and a police station were damaged in this attack.",0,NA,NA,NA,NA,"","",NA,NA,NA,NA,NA,"",NA,".",NA,"","""The ugly secret of a town's fire,"" Southern Highland News, October 25, 2014.","","","START Primary Collection",-9,-9,0,-9,""
"36",201409230034,2014,9,23,"",0,"",14,"Australia",12,"Australasia & Oceania","Victoria","Melbourne",-37.814107,144.96328,1,0,"","09/23/2014: An assailant stabbed two police officers in Melbourne city, Victoria state, Australia. Authorities shot and killed the assailant and the two police officers were wounded in the attack. No group claimed responsibility for the incident; however, sources attributed the attack to an individual, identified as Abdul Numan Haider.",1,1,1,0,NA,".",0,1,0,2,"Armed Assault",NA,".",NA,".",3,"Police",25,"Police Security Forces/Officers","Australian Federal Police (AFP)","Officers",14,"Australia",NA,".",NA,".","","",NA,".",NA,".",NA,".","","",NA,".","Unaffiliated Individual(s)","","","","",20202,NA,NA,"","The specific motive is unknown; however, sources posited that prior to the attack the assailant, Abdul Numan Haider, had posted a message on Facebook, which criticized the Australian Federal Police (AFP) and alleged that they were at war with Islam.",0,NA,NA,1,0,0,NA,".",NA,NA,".",NA,NA,".",NA,9,"Melee",23,"Knife or Other Sharp Object",NA,".",NA,".",NA,".",NA,".",NA,".",NA,".","",1,0,1,2,0,0,0,NA,".",NA,"",0,NA,NA,NA,NA,"","",NA,NA,NA,NA,NA,"",NA,".",NA,"","""Australian 'terror suspect' killed by police,"" Al Jazeera, September 24, 2014.","""IS claims it ordered knife attack,"" NEWS.com.au, November 22, 2014.","""Teenage terror suspect not a lone wolf,"" ABC Online, September 25, 2014.","START Primary Collection",-9,-9,0,-9,""
"37",201411030015,2014,11,3,"",0,"",14,"Australia",12,"Australasia & Oceania","New South Wales","Bankstown",-33.907092,151.057308,1,0,"The incident occurred in the Greenacre neighborhood","11/03/2014: Assailants opened fire on Rasoul Al-Musawi outside of an Islamic prayer center in Bankstown area, New South Wales state, Australia. Musawi, a Shiite religious leader, was wounded in the attack. No group claimed responsibility for the incident; however, people chanting pro-Islamic State of Iraq and the Levant (ISIL) statements drove by the center just before the shooting.",1,1,1,0,NA,".",0,1,0,2,"Armed Assault",NA,".",NA,".",15,"Religious Figures/Institutions",85,"Religious Figure","Husainiyah Nabi Akram","Shiite Cleric: Rasoul al-Mousawi",95,"Iraq",NA,".",NA,".","","",NA,".",NA,".",NA,".","","",NA,".","Unknown","","","","",-9,NA,NA,"","",0,NA,NA,-99,0,0,NA,".",NA,NA,".",NA,NA,".",NA,5,"Firearms",5,"Unknown Gun Type",NA,".",NA,".",NA,".",NA,".",NA,".",NA,".","Pellets were used in the attack.",0,0,0,1,0,0,0,NA,".",NA,"",0,NA,NA,NA,NA,"","",NA,NA,NA,NA,NA,"",NA,".",NA,"","""Religious leader shot outside Islamic centre in Greenacre following threats,"" Melbourne Age, November 3, 2014.","""Drive-by shooting in Sydney influenced by Islamic State, Abbott says,"" newsWall.co.za, November 4, 2014.","","START Primary Collection",-9,-9,1,1,""
"38",201412020073,2014,12,2,"",0,"",14,"Australia",12,"Australasia & Oceania","New South Wales","Oberon",-33.704174,149.857408,1,0,"","12/02/2014: Assailants set fire to the Oberon NSW Slaughterhouse in Oberon town, New South Wales state, Australia. There were no reported casualties in the attack; however, the building was damaged in the attack. The Animal Liberation Front (ALF) claimed responsibility for the incident and stated that the attack was carried out in retaliation for profiting from animal abuse.",1,1,1,0,NA,".",0,1,0,7,"Facility/Infrastructure Attack",NA,".",NA,".",1,"Business",9,"Farm/Ranch","Oberon NSW Slaughterhouse","Slaughterhouse",14,"Australia",NA,".",NA,".","","",NA,".",NA,".",NA,".","","",NA,".","Animal Liberation Front (ALF)","","","","",291,NA,NA,"","The Animal Liberation Front (ALF) claimed responsibility for the incident and stated that the attack was carried out in retaliation to the profiting from animal abuse.",0,NA,NA,-99,0,1,7,"Posted to website, blog, etc.",NA,NA,".",NA,NA,".",NA,8,"Incendiary",18,"Arson/Fire",NA,".",NA,".",NA,".",NA,".",NA,".",NA,".","",0,0,0,0,0,0,1,3,"Minor (likely < $1 million)",-99,"A slaughterhouse was damaged in this attack.",0,NA,NA,NA,NA,"","",NA,NA,NA,NA,NA,"",NA,".",NA,"","""Police investigate Oberon Abattoir fire,"" Western Advocate, December 3, 2014.","""News from the Frontlines,"" Bite Back, December 27, 2014.","","START Primary Collection",0,1,0,1,""
"39",201412150032,2014,12,15,"",0,"",14,"Australia",12,"Australasia & Oceania","New South Wales","Sydney",-33.867979,151.211038,1,0,"The incident occurred in the Martin Place neighborhood","12/15/2014: An assailant, Mon Haron Monis, took 18 people hostage in the Lindt Chocolate cafe in Sydney city, New South Wales state, Australia. Five hostages were able to escape during standoff. After 16 hours, police stormed the cafe and freed the living hostages. In total, Monis and two hostages were killed and four other hostages were wounded in the attack and siege. No group claimed responsibility for the incident.",1,1,1,0,NA,".",0,1,0,5,"Hostage Taking (Barricade Incident)",NA,".",NA,".",1,"Business",2,"Restaurant/Bar/Café","Lindt Chocolate Cafe","Cafe",14,"Australia",NA,".",NA,".","","",NA,".",NA,".",NA,".","","",NA,".","Unaffiliated Individual(s)","","","","",20202,NA,NA,"","",0,NA,NA,1,0,0,NA,".",NA,NA,".",NA,NA,".",NA,5,"Firearms",4,"Rifle/Shotgun (non-automatic)",NA,".",NA,".",NA,".",NA,".",NA,".",NA,".","A sawed-off shotgun was used in the attack.",3,0,1,4,0,0,1,3,"Minor (likely < $1 million)",-99,"A Lindt chocolate shop was damaged in this attack.",1,18,0,16,NA,"","",0,NA,NA,NA,NA,"",6,"Combination",16,"During the standoff, Monis had declared allegiance to the Islamic State of Iraq and the Levant (ISIL).","""Lone   gunman,   two hostages killed in Sydney cafe siege: police,"" Agence France Presse -- English, December 15, 2014.","""2 Hostages and Captor Are Dead in Siege at Sydney Cafe,"" New York Times, December 15, 2014.","""Sydney siege: How the hostage drama played out,"" The Sydney Morning Herald, December 21, 2014.","START Primary Collection",-9,-9,0,-9,""
"40",201501240090,2015,1,24,"",0,"",14,"Australia",12,"Australasia & Oceania","Queensland","Toowoomba",-27.581562,151.933834,1,0,"The incident occurred in the Harristown neighborhood.","01/24/2015: A fire was set next to a mosque in Harristown neighborhood, Toowoomba town, Queensland state, Australia. There were no reported casualties; it is unknown if the mosque was damaged by the fire. No group claimed responsibility for the incident.",1,1,1,0,NA,".",0,1,0,7,"Facility/Infrastructure Attack",NA,".",NA,".",15,"Religious Figures/Institutions",86,"Place of Worship","Unknown","Mosque",14,"Australia",NA,".",NA,".","","",NA,".",NA,".",NA,".","","",NA,".","Unknown","","","","",-9,NA,NA,"","",0,NA,NA,-99,0,0,NA,".",NA,NA,".",NA,NA,".",NA,8,"Incendiary",18,"Arson/Fire",NA,".",NA,".",NA,".",NA,".",NA,".",NA,".","",0,0,0,0,0,0,-9,NA,".",NA,"It is unknown if a mosque was damaged in this attack.",0,NA,NA,NA,NA,"","",NA,NA,NA,NA,NA,"",NA,".",NA,"","""Mosque arson attack denounced by show of solidarity,"" Surat Basin Online, January 26, 2015.","""Police hunt men caught on CCTV over Queensland mosque arson,"" 9News.com.au, January 28, 2015.","","START Primary Collection",-9,-9,0,-9,""
"41",201504170084,2015,4,17,"",0,"",14,"Australia",12,"Australasia & Oceania","Queensland","Toowoomba",-27.564238,151.947275,1,0,"","04/17/2015: Assailants set fire to a mosque in Toowoomba city, Queensland state, Australia. No casualties were reported. No group claimed responsibility for the incident.",1,1,1,0,NA,".",0,1,0,7,"Facility/Infrastructure Attack",NA,".",NA,".",15,"Religious Figures/Institutions",86,"Place of Worship","Unknown","Mosque",14,"Australia",NA,".",NA,".","","",NA,".",NA,".",NA,".","","",NA,".","Unknown","","","","",-9,NA,NA,"","",0,NA,NA,-99,0,0,NA,".",NA,NA,".",NA,NA,".",NA,8,"Incendiary",18,"Arson/Fire",NA,".",NA,".",NA,".",NA,".",NA,".",NA,".","",0,0,0,0,0,0,1,3,"Minor (likely < $1 million)",-99,"A mosque was damaged in this attack.",0,NA,NA,NA,NA,"","",NA,NA,NA,NA,NA,"",NA,".",NA,"","""Arson Attack Leaves Queensland Mosque 'Almost Completely Destroyed' Two Days Before Opening,"" International Business Times Australia, April 17, 2015.","""Arsonist responsible for Australian mosque attack,"" World Bulletin, April 17, 2015.","""Australia mosque comes under 2nd attack this year,"" IRIB World Service, April 17, 2015.","START Primary Collection",-9,-9,0,-9,""
"42",201505170064,2015,5,17,"",0,"",14,"Australia",12,"Australasia & Oceania","Tasmania","Hobart",-42.884049,147.323719,1,0,"","05/17/2015: Assailants set fire to a nightclub in Hobart city, Tasmania, Australia. No casualties were reported. No group claimed responsibility for the incident.",0,1,1,1,2,"Other Crime Type",0,1,0,7,"Facility/Infrastructure Attack",NA,".",NA,".",1,"Business",2,"Restaurant/Bar/Café","Flamingos","Bar",14,"Australia",NA,".",NA,".","","",NA,".",NA,".",NA,".","","",NA,".","Unknown","","","","",-9,NA,NA,"","",0,NA,NA,-99,0,0,NA,".",NA,NA,".",NA,NA,".",NA,8,"Incendiary",18,"Arson/Fire",NA,".",NA,".",NA,".",NA,".",NA,".",NA,".","Accelerant liquid was used in the attack.",0,0,0,0,0,0,1,3,"Minor (likely < $1 million)",-99,"A bar was damaged in this attack.",0,NA,NA,NA,NA,"","",NA,NA,NA,NA,NA,"",NA,".",NA,"There is doubt that this incident meets terrorism-related criteria. The nightclub's owner speculated that the assailant was either a ""disgruntled patron"" or had a homophobic motive.","""CCTV captures arson attack on club,"" Tasmania Mercury, May 20, 2015.","""Dramatic arson attack on Hobart's gay club,"" Same Same, May 20, 2015.","","START Primary Collection",-9,-9,0,-9,""
"43",201507170050,2015,7,17,"",0,"",14,"Australia",12,"Australasia & Oceania","New South Wales","Sydney",-33.829658,151.117538,1,0,"The incident occurred in Tennyson Point neighborhood.","07/17/2015: An explosive device was found and defused outside the home of Brad Haddin, a cricket player, in Tennyson Point suburb, Sydney, Australia. No group claimed responsibility for the incident.",1,1,1,1,4,"Lack of Intentionality",0,0,0,3,"Bombing/Explosion",NA,".",NA,".",20,"Unknown",NA,".","Unknown","Unknown",14,"Australia",NA,".",NA,".","","",NA,".",NA,".",NA,".","","",NA,".","Unknown","","","","",-9,NA,NA,"","",0,NA,NA,-99,0,0,NA,".",NA,NA,".",NA,NA,".",NA,6,"Explosives/Bombs/Dynamite",17,"Other Explosive Type",NA,".",NA,".",NA,".",NA,".",NA,".",NA,".","A crude bomb containing two butane canisters and an attached wick was used in the attack.",0,0,0,0,0,0,0,NA,".",NA,"",0,NA,NA,NA,NA,"","",NA,NA,NA,NA,NA,"",NA,".",NA,"There is doubt that this incident meets terrorism-related criteria. It is unclear if the explosive device was intended to be used to carry out an attack.","""Explosive Device Found Outside Australian Cricketer Brad Haddin's Sydney Home,"" International Business Times, July 18, 2015.","""Explosive device found near Brad Haddin's home,"" NewsR.in, July 18, 2015.","","START Primary Collection",-9,-9,0,-9,""
"44",201510020040,2015,10,2,"",0,"",14,"Australia",12,"Australasia & Oceania","New South Wales","Parramatta",-33.815129,151.003278,1,0,"","10/02/2015: An assailant opened fire on a civilian police employee outside a police headquarters in Parramatta city, Sydney region, New South Wales province, Australia. The civilian employee, Curtis Cheng, and the assailant were killed in the assault. No group claimed responsibility; however, sources identified the attacker as Farad Jabar Khalil Mohammad.",1,1,1,0,NA,".",0,1,0,2,"Armed Assault",NA,".",NA,".",3,"Police",25,"Police Security Forces/Officers","Australian Federal Police (AFP)","Civilian Police Employee",14,"Australia",NA,".",NA,".","","",NA,".",NA,".",NA,".","","",NA,".","Unaffiliated Individual(s)","","","","",20202,NA,NA,"","",0,NA,NA,1,0,0,NA,".",NA,NA,".",NA,NA,".",NA,5,"Firearms",5,"Unknown Gun Type",NA,".",NA,".",NA,".",NA,".",NA,".",NA,".","",2,0,1,0,0,0,0,NA,".",NA,"",0,NA,NA,NA,NA,"","",NA,NA,NA,NA,NA,"",NA,".",NA,"","""Sydney shooter described as quiet boy who nobody noticed,"" dpa-AFX International ProFeed, October 4, 2015.","""Australian Authorities Say Shooting by Teen at Police Station Is 'Linked to Terrorism',"" VICE, October 4, 2015.","""Schoolboy has terror links: Police,"" Straits Times, October 3, 2015.","START Primary Collection",-9,-9,0,-9,""
"45",201511210064,2015,11,21,"",0,"",14,"Australia",12,"Australasia & Oceania","New South Wales","Orange",-33.283013,149.100151,1,0,"","11/21/2015: Assailants threw Molotov cocktails at the Heatherbrae Parade church in Orange, New South Wales, Australia. There were no reported casualties. No group claimed responsibility for the incident.",1,1,1,0,NA,".",0,1,0,7,"Facility/Infrastructure Attack",NA,".",NA,".",15,"Religious Figures/Institutions",86,"Place of Worship","Heatherbrae Parade Church","Church",14,"Australia",NA,".",NA,".","","",NA,".",NA,".",NA,".","","",NA,".","Unknown","","","","",-9,NA,NA,"","",0,NA,NA,-99,0,0,NA,".",NA,NA,".",NA,NA,".",NA,8,"Incendiary",19,"Molotov Cocktail/Petrol Bomb",NA,".",NA,".",NA,".",NA,".",NA,".",NA,".","Several Molotov cocktails were used in the attack.",0,0,0,0,0,0,1,3,"Minor (likely < $1 million)",-99,"A church was damaged in this attack.",0,NA,NA,NA,NA,"","",NA,NA,NA,NA,NA,"",NA,".",NA,"","""NO TITLE SUPPLIED,"" Western Advocate (Fairfax Media), November 24, 2015.","""Vandals raise hell: Molotov cocktails thrown at church,"" Central Western Daily, November 24, 2015.","","START Primary Collection",-9,-9,0,-9,""
"46",201511230093,2015,11,23,"",0,"",14,"Australia",12,"Australasia & Oceania","New South Wales","Orange",-33.283013,149.100151,1,0,"","11/23/2015: Assailants threw Molotov cocktails at St. Peter's Lutheran Church in Orange, New South Wales, Australia. There were no reported casualties. No group claimed responsibility for the incident.",1,1,1,0,NA,".",0,1,0,7,"Facility/Infrastructure Attack",NA,".",NA,".",15,"Religious Figures/Institutions",86,"Place of Worship","St. Peter's Lutheran Church","Church",14,"Australia",NA,".",NA,".","","",NA,".",NA,".",NA,".","","",NA,".","Unknown","","","","",-9,NA,NA,"","",0,NA,NA,-99,0,0,NA,".",NA,NA,".",NA,NA,".",NA,8,"Incendiary",19,"Molotov Cocktail/Petrol Bomb",NA,".",NA,".",NA,".",NA,".",NA,".",NA,".","Molotov cocktails were used in the attack.",0,0,0,0,0,0,1,3,"Minor (likely < $1 million)",-99,"A church was damaged in this attack.",0,NA,NA,NA,NA,"","",NA,NA,NA,NA,NA,"",NA,".",NA,"","""NO TITLE SUPPLIED,"" Western Advocate (Fairfax Media), November 24, 2015.","""Vandals raise hell: Molotov cocktails thrown at church,"" Central Western Daily, November 24, 2015.","","START Primary Collection",-9,-9,0,-9,""
